-- MySQL dump 10.13  Distrib 8.0.41, for Win64 (x86_64)
--
-- Host: localhost    Database: united_helpers
-- ------------------------------------------------------
-- Server version	8.0.41

/*!40101 SET @OLD_CHARACTER_SET_CLIENT=@@CHARACTER_SET_CLIENT */;
/*!40101 SET @OLD_CHARACTER_SET_RESULTS=@@CHARACTER_SET_RESULTS */;
/*!40101 SET @OLD_COLLATION_CONNECTION=@@COLLATION_CONNECTION */;
/*!50503 SET NAMES utf8 */;
/*!40103 SET @OLD_TIME_ZONE=@@TIME_ZONE */;
/*!40103 SET TIME_ZONE='+00:00' */;
/*!40014 SET @OLD_UNIQUE_CHECKS=@@UNIQUE_CHECKS, UNIQUE_CHECKS=0 */;
/*!40014 SET @OLD_FOREIGN_KEY_CHECKS=@@FOREIGN_KEY_CHECKS, FOREIGN_KEY_CHECKS=0 */;
/*!40101 SET @OLD_SQL_MODE=@@SQL_MODE, SQL_MODE='NO_AUTO_VALUE_ON_ZERO' */;
/*!40111 SET @OLD_SQL_NOTES=@@SQL_NOTES, SQL_NOTES=0 */;

--
-- Table structure for table `assignment`
--

DROP TABLE IF EXISTS `assignment`;
/*!40101 SET @saved_cs_client     = @@character_set_client */;
/*!50503 SET character_set_client = utf8mb4 */;
CREATE TABLE `assignment` (
  `volunteerId` int NOT NULL,
  `taskCode` int NOT NULL,
  `startDateTime` datetime NOT NULL,
  `endDateTime` datetime NOT NULL,
  PRIMARY KEY (`volunteerId`,`taskCode`,`startDateTime`),
  KEY `taskCode` (`taskCode`),
  CONSTRAINT `assignment_ibfk_1` FOREIGN KEY (`volunteerId`) REFERENCES `volunteer` (`volunteerId`),
  CONSTRAINT `assignment_ibfk_2` FOREIGN KEY (`taskCode`) REFERENCES `task` (`taskCode`)
) ENGINE=InnoDB DEFAULT CHARSET=utf8mb4 COLLATE=utf8mb4_0900_ai_ci;
/*!40101 SET character_set_client = @saved_cs_client */;

--
-- Dumping data for table `assignment`
--

LOCK TABLES `assignment` WRITE;
/*!40000 ALTER TABLE `assignment` DISABLE KEYS */;
INSERT INTO `assignment` VALUES (1,11,'2024-02-01 09:00:00','2024-02-01 17:00:00'),(2,11,'2024-02-02 09:00:00','2024-02-02 17:00:00'),(3,12,'2024-02-03 08:00:00','2024-02-03 18:00:00'),(4,12,'2024-02-03 08:30:00','2024-02-03 18:00:00'),(5,13,'2024-02-04 10:00:00','2024-02-04 16:00:00'),(6,16,'2024-02-05 09:00:00','2024-02-05 14:00:00'),(7,15,'2024-02-06 07:00:00','2024-02-06 19:00:00'),(8,17,'2024-02-07 12:00:00','2024-02-07 20:00:00'),(9,19,'2024-02-08 08:00:00','2024-02-08 17:00:00'),(10,18,'2024-02-09 10:00:00','2024-02-09 18:00:00');
/*!40000 ALTER TABLE `assignment` ENABLE KEYS */;
UNLOCK TABLES;

--
-- Table structure for table `item`
--

DROP TABLE IF EXISTS `item`;
/*!40101 SET @saved_cs_client     = @@character_set_client */;
/*!50503 SET character_set_client = utf8mb4 */;
CREATE TABLE `item` (
  `itemId` int NOT NULL AUTO_INCREMENT,
  `itemDescription` varchar(250) NOT NULL,
  `itemValue` double NOT NULL,
  `quantityOnHand` int NOT NULL,
  PRIMARY KEY (`itemId`)
) ENGINE=InnoDB AUTO_INCREMENT=11 DEFAULT CHARSET=utf8mb4 COLLATE=utf8mb4_0900_ai_ci;
/*!40101 SET character_set_client = @saved_cs_client */;

--
-- Dumping data for table `item`
--

LOCK TABLES `item` WRITE;
/*!40000 ALTER TABLE `item` DISABLE KEYS */;
INSERT INTO `item` VALUES (1,'First Aid Kit',25,500),(2,'Bandages',5,1000),(3,'Antiseptic Wipes',3.5,800),(4,'Baby Formula',20,300),(5,'Diapers',15,600),(6,'Canned Food',10,1200),(7,'Blankets',12,400),(8,'Bottled Water',2,1500),(9,'Pain Relievers',8,750),(10,'Flashlights',15,350);
/*!40000 ALTER TABLE `item` ENABLE KEYS */;
UNLOCK TABLES;

--
-- Table structure for table `package`
--

DROP TABLE IF EXISTS `package`;
/*!40101 SET @saved_cs_client     = @@character_set_client */;
/*!50503 SET character_set_client = utf8mb4 */;
CREATE TABLE `package` (
  `packageId` int NOT NULL AUTO_INCREMENT,
  `taskCode` int NOT NULL,
  `packageTypeId` int NOT NULL,
  `packageCreateDate` date NOT NULL,
  `packageWeight` double NOT NULL,
  PRIMARY KEY (`packageId`),
  KEY `taskCode` (`taskCode`),
  KEY `packageTypeId` (`packageTypeId`),
  CONSTRAINT `package_ibfk_1` FOREIGN KEY (`taskCode`) REFERENCES `task` (`taskCode`),
  CONSTRAINT `package_ibfk_2` FOREIGN KEY (`packageTypeId`) REFERENCES `package_type` (`packageTypeId`)
) ENGINE=InnoDB AUTO_INCREMENT=11 DEFAULT CHARSET=utf8mb4 COLLATE=utf8mb4_0900_ai_ci;
/*!40101 SET character_set_client = @saved_cs_client */;

--
-- Dumping data for table `package`
--

LOCK TABLES `package` WRITE;
/*!40000 ALTER TABLE `package` DISABLE KEYS */;
INSERT INTO `package` VALUES (1,12,1,'2024-02-03',5.5),(2,12,2,'2024-02-03',7.2),(3,13,1,'2024-02-04',4.8),(4,13,1,'2024-02-04',5.1),(5,16,2,'2024-02-05',6.3),(6,16,2,'2024-02-05',6.7),(7,16,3,'2024-02-05',8),(8,12,3,'2024-02-03',7.9),(9,13,1,'2024-02-04',4.9),(10,12,3,'2024-02-03',7.5);
/*!40000 ALTER TABLE `package` ENABLE KEYS */;
UNLOCK TABLES;

--
-- Table structure for table `package_contents`
--

DROP TABLE IF EXISTS `package_contents`;
/*!40101 SET @saved_cs_client     = @@character_set_client */;
/*!50503 SET character_set_client = utf8mb4 */;
CREATE TABLE `package_contents` (
  `itemId` int NOT NULL,
  `packageId` int NOT NULL,
  `itemQuantity` int NOT NULL,
  PRIMARY KEY (`itemId`,`packageId`),
  KEY `packageId` (`packageId`),
  CONSTRAINT `package_contents_ibfk_1` FOREIGN KEY (`itemId`) REFERENCES `item` (`itemId`),
  CONSTRAINT `package_contents_ibfk_2` FOREIGN KEY (`packageId`) REFERENCES `package` (`packageId`)
) ENGINE=InnoDB DEFAULT CHARSET=utf8mb4 COLLATE=utf8mb4_0900_ai_ci;
/*!40101 SET character_set_client = @saved_cs_client */;

--
-- Dumping data for table `package_contents`
--

LOCK TABLES `package_contents` WRITE;
/*!40000 ALTER TABLE `package_contents` DISABLE KEYS */;
INSERT INTO `package_contents` VALUES (1,1,2),(2,1,5),(3,1,10),(4,2,3),(5,2,6),(6,3,4),(7,4,2),(8,5,8),(9,6,5),(10,7,2);
/*!40000 ALTER TABLE `package_contents` ENABLE KEYS */;
UNLOCK TABLES;

--
-- Table structure for table `package_type`
--

DROP TABLE IF EXISTS `package_type`;
/*!40101 SET @saved_cs_client     = @@character_set_client */;
/*!50503 SET character_set_client = utf8mb4 */;
CREATE TABLE `package_type` (
  `packageTypeId` int NOT NULL AUTO_INCREMENT,
  `packageTypeName` varchar(50) NOT NULL,
  PRIMARY KEY (`packageTypeId`)
) ENGINE=InnoDB AUTO_INCREMENT=4 DEFAULT CHARSET=utf8mb4 COLLATE=utf8mb4_0900_ai_ci;
/*!40101 SET character_set_client = @saved_cs_client */;

--
-- Dumping data for table `package_type`
--

LOCK TABLES `package_type` WRITE;
/*!40000 ALTER TABLE `package_type` DISABLE KEYS */;
INSERT INTO `package_type` VALUES (1,'Basic Medical'),(2,'Child-Care'),(3,'Food');
/*!40000 ALTER TABLE `package_type` ENABLE KEYS */;
UNLOCK TABLES;

--
-- Table structure for table `packing_list`
--

DROP TABLE IF EXISTS `packing_list`;
/*!40101 SET @saved_cs_client     = @@character_set_client */;
/*!50503 SET character_set_client = utf8mb4 */;
CREATE TABLE `packing_list` (
  `packingListId` int NOT NULL AUTO_INCREMENT,
  `packingListName` varchar(100) NOT NULL,
  `packingListDescription` varchar(350) DEFAULT NULL,
  PRIMARY KEY (`packingListId`)
) ENGINE=InnoDB AUTO_INCREMENT=4 DEFAULT CHARSET=utf8mb4 COLLATE=utf8mb4_0900_ai_ci;
/*!40101 SET character_set_client = @saved_cs_client */;

--
-- Dumping data for table `packing_list`
--

LOCK TABLES `packing_list` WRITE;
/*!40000 ALTER TABLE `packing_list` DISABLE KEYS */;
INSERT INTO `packing_list` VALUES (1,'Disaster Relief Kits','Includes 2,000 medical kits, 2,000 food packages, and 1,000 child-care packages.'),(2,'Medical Supplies','Contains first-aid kits, bandages, antiseptics, and basic medicines.'),(3,'Child-Care Essentials','Diapers, baby formula, wipes, and blankets.');
/*!40000 ALTER TABLE `packing_list` ENABLE KEYS */;
UNLOCK TABLES;

--
-- Table structure for table `task`
--

DROP TABLE IF EXISTS `task`;
/*!40101 SET @saved_cs_client     = @@character_set_client */;
/*!50503 SET character_set_client = utf8mb4 */;
CREATE TABLE `task` (
  `taskCode` int NOT NULL AUTO_INCREMENT,
  `packingListId` int DEFAULT NULL,
  `taskTypeId` int NOT NULL,
  `taskStatusId` int NOT NULL,
  `taskDescription` varchar(250) NOT NULL,
  PRIMARY KEY (`taskCode`),
  KEY `packingListId` (`packingListId`),
  KEY `taskTypeId` (`taskTypeId`),
  KEY `taskStatusId` (`taskStatusId`),
  CONSTRAINT `task_ibfk_1` FOREIGN KEY (`packingListId`) REFERENCES `packing_list` (`packingListId`),
  CONSTRAINT `task_ibfk_2` FOREIGN KEY (`taskTypeId`) REFERENCES `task_type` (`taskTypeId`),
  CONSTRAINT `task_ibfk_3` FOREIGN KEY (`taskStatusId`) REFERENCES `task_status` (`taskStatusId`)
) ENGINE=InnoDB AUTO_INCREMENT=21 DEFAULT CHARSET=utf8mb4 COLLATE=utf8mb4_0900_ai_ci;
/*!40101 SET character_set_client = @saved_cs_client */;

--
-- Dumping data for table `task`
--

LOCK TABLES `task` WRITE;
/*!40000 ALTER TABLE `task` DISABLE KEYS */;
INSERT INTO `task` VALUES (11,NULL,1,1,'Answer the telephone'),(12,1,2,2,'Prepare 5,000 packages'),(13,2,2,1,'Prepare 2,000 medical kits'),(14,NULL,3,2,'Set up emergency shelter'),(15,NULL,4,1,'Coordinate transportation of supplies'),(16,3,2,1,'Assemble 1,500 child-care packages'),(17,NULL,5,2,'Provide first aid at disaster site'),(18,NULL,4,3,'Distribute relief supplies'),(19,NULL,3,4,'Set up communication center'),(20,NULL,1,5,'Assist with administrative work');
/*!40000 ALTER TABLE `task` ENABLE KEYS */;
UNLOCK TABLES;

--
-- Table structure for table `task_status`
--

DROP TABLE IF EXISTS `task_status`;
/*!40101 SET @saved_cs_client     = @@character_set_client */;
/*!50503 SET character_set_client = utf8mb4 */;
CREATE TABLE `task_status` (
  `taskStatusId` int NOT NULL AUTO_INCREMENT,
  `taskStatusName` varchar(50) NOT NULL,
  PRIMARY KEY (`taskStatusId`)
) ENGINE=InnoDB AUTO_INCREMENT=6 DEFAULT CHARSET=utf8mb4 COLLATE=utf8mb4_0900_ai_ci;
/*!40101 SET character_set_client = @saved_cs_client */;

--
-- Dumping data for table `task_status`
--

LOCK TABLES `task_status` WRITE;
/*!40000 ALTER TABLE `task_status` DISABLE KEYS */;
INSERT INTO `task_status` VALUES (1,'Ongoing'),(2,'Open'),(3,'Completed'),(4,'Pending'),(5,'Cancelled');
/*!40000 ALTER TABLE `task_status` ENABLE KEYS */;
UNLOCK TABLES;

--
-- Table structure for table `task_type`
--

DROP TABLE IF EXISTS `task_type`;
/*!40101 SET @saved_cs_client     = @@character_set_client */;
/*!50503 SET character_set_client = utf8mb4 */;
CREATE TABLE `task_type` (
  `taskTypeId` int NOT NULL AUTO_INCREMENT,
  `taskTypeName` varchar(50) NOT NULL,
  PRIMARY KEY (`taskTypeId`)
) ENGINE=InnoDB AUTO_INCREMENT=6 DEFAULT CHARSET=utf8mb4 COLLATE=utf8mb4_0900_ai_ci;
/*!40101 SET character_set_client = @saved_cs_client */;

--
-- Dumping data for table `task_type`
--

LOCK TABLES `task_type` WRITE;
/*!40000 ALTER TABLE `task_type` DISABLE KEYS */;
INSERT INTO `task_type` VALUES (1,'Recurring'),(2,'Packing'),(3,'Emergency Response'),(4,'Logistics'),(5,'Medical Assistance');
/*!40000 ALTER TABLE `task_type` ENABLE KEYS */;
UNLOCK TABLES;

--
-- Table structure for table `volunteer`
--

DROP TABLE IF EXISTS `volunteer`;
/*!40101 SET @saved_cs_client     = @@character_set_client */;
/*!50503 SET character_set_client = utf8mb4 */;
CREATE TABLE `volunteer` (
  `volunteerId` int NOT NULL AUTO_INCREMENT,
  `volunteerName` varchar(50) NOT NULL,
  `volunteerAddress` varchar(250) NOT NULL,
  `volunteerTelephpne` varchar(20) NOT NULL,
  PRIMARY KEY (`volunteerId`)
) ENGINE=InnoDB AUTO_INCREMENT=11 DEFAULT CHARSET=utf8mb4 COLLATE=utf8mb4_0900_ai_ci;
/*!40101 SET character_set_client = @saved_cs_client */;

--
-- Dumping data for table `volunteer`
--

LOCK TABLES `volunteer` WRITE;
/*!40000 ALTER TABLE `volunteer` DISABLE KEYS */;
INSERT INTO `volunteer` VALUES (1,'Alexis Marks','123 Elm St, Salt Lake City, UT','555-1234'),(2,'Bobby Smith','33 Main St, Philadelphia, PA','123-4567'),(3,'Charlie Brown','77 Independence St, New York City, NY','565-1234'),(4,'George Washing','645 Birch St, Chicago, IL','687-3342'),(5,'Diana Ross','321 Maple St, Denver, CO','322-2038'),(6,'Ethan Rocks','145 Willow St, Miami, FL','847-3829'),(7,'Hannah Hunt','383 Freedom Dr, Austin, TX','363-0282'),(8,'Finn Adams','34252 Pine Dr, Boston, MA','214-3891'),(9,'Ian Johns','2 Oak Way, Seattle, WA','311-2828'),(10,'Juliana Lee','26226 Chestnut St, Los Angeles, CA','568-2884');
/*!40000 ALTER TABLE `volunteer` ENABLE KEYS */;
UNLOCK TABLES;
/*!40103 SET TIME_ZONE=@OLD_TIME_ZONE */;

/*!40101 SET SQL_MODE=@OLD_SQL_MODE */;
/*!40014 SET FOREIGN_KEY_CHECKS=@OLD_FOREIGN_KEY_CHECKS */;
/*!40014 SET UNIQUE_CHECKS=@OLD_UNIQUE_CHECKS */;
/*!40101 SET CHARACTER_SET_CLIENT=@OLD_CHARACTER_SET_CLIENT */;
/*!40101 SET CHARACTER_SET_RESULTS=@OLD_CHARACTER_SET_RESULTS */;
/*!40101 SET COLLATION_CONNECTION=@OLD_COLLATION_CONNECTION */;
/*!40111 SET SQL_NOTES=@OLD_SQL_NOTES */;

-- Dump completed on 2025-03-04 19:01:23
